-- --------------------------------------------------------
-- Хост:                         127.0.0.1
-- Версия сервера:               8.0.29 - MySQL Community Server - GPL
-- Операционная система:         Win64
-- HeidiSQL Версия:              11.2.0.6213
-- --------------------------------------------------------

/*!40101 SET @OLD_CHARACTER_SET_CLIENT=@@CHARACTER_SET_CLIENT */;
/*!40101 SET NAMES utf8 */;
/*!50503 SET NAMES utf8mb4 */;
/*!40014 SET @OLD_FOREIGN_KEY_CHECKS=@@FOREIGN_KEY_CHECKS, FOREIGN_KEY_CHECKS=0 */;
/*!40101 SET @OLD_SQL_MODE=@@SQL_MODE, SQL_MODE='NO_AUTO_VALUE_ON_ZERO' */;
/*!40111 SET @OLD_SQL_NOTES=@@SQL_NOTES, SQL_NOTES=0 */;


-- Дамп структуры базы данных accums
CREATE DATABASE IF NOT EXISTS `accums` /*!40100 DEFAULT CHARACTER SET utf8mb4 COLLATE utf8mb4_general_ci */ /*!80016 DEFAULT ENCRYPTION='N' */;
USE `accums`;

-- Дамп структуры для таблица accums.accs
CREATE TABLE IF NOT EXISTS `accs` (
  `id` int unsigned NOT NULL AUTO_INCREMENT,
  `model` int unsigned NOT NULL DEFAULT '0',
  `No` varchar(50) COLLATE utf8mb4_general_ci DEFAULT NULL,
  `d_prod` date DEFAULT NULL,
  `state` int unsigned DEFAULT NULL,
  `node` int unsigned NOT NULL DEFAULT '0',
  `equip` int unsigned DEFAULT NULL,
  `d_edit` date DEFAULT NULL,
  `comment` varchar(50) COLLATE utf8mb4_general_ci DEFAULT NULL,
  PRIMARY KEY (`id`),
  KEY `FK_accs_nodes` (`node`),
  KEY `FK_accs_models` (`model`),
  CONSTRAINT `FK_accs_models` FOREIGN KEY (`model`) REFERENCES `models` (`id`) ON UPDATE CASCADE,
  CONSTRAINT `FK_accs_nodes` FOREIGN KEY (`node`) REFERENCES `nodes` (`id`) ON UPDATE CASCADE
) ENGINE=InnoDB AUTO_INCREMENT=224 DEFAULT CHARSET=utf8mb4 COLLATE=utf8mb4_general_ci;

-- Дамп данных таблицы accumsx.accs: ~208 rows (приблизительно)
/*!40000 ALTER TABLE `accs` DISABLE KEYS */;
INSERT INTO `accs` (`id`, `model`, `No`, `d_prod`, `state`, `node`, `equip`, `d_edit`, `comment`) VALUES
	(2, 26, '', '0000-00-00', 1, 1, 1, '0000-00-00', '\r'),
	(3, 26, '12122022/1', '2022-12-12', 2, 34, 1, '2023-06-29', '\r'),
	(4, 36, '21102021/4', '2021-10-27', 2, 34, 1, '2023-08-25', ''),
	(5, 26, '', '0000-00-00', 1, 124, 1, '2021-12-09', '\r'),
	(6, 38, '00010/12', '0000-00-00', 1, 2, 4, '2020-10-14', 'Запад-1, 4й этаж\r'),
	(7, 26, '00024/12', '0000-00-00', 1, 2, 19, '2019-05-20', 'Запад-2, 20й этаж\r'),
	(8, 26, '', '0000-00-00', 1, 2, 19, '2019-06-04', 'Восток-2, 20й этаж\r'),
	(17, 43, '00013/7', '0000-00-00', 1, 125, 33, '0000-00-00', '2 стойка'),
	(18, 27, '', '0000-00-00', 1, 125, 31, '2021-11-22', '3 стойка\r'),
	(19, 27, '', '0000-00-00', 1, 125, 31, '2021-11-22', '3 стойка\r'),
	(20, 26, '', '0000-00-00', 1, 3, 1, '2021-12-09', 'Свитч 1\r'),
	(21, 26, '', '0000-00-00', 1, 3, 1, '2021-12-09', '\r'),
	(22, 43, '', '0000-00-00', 1, 3, 31, '2021-09-09', '\r'),
	(23, 43, '', '0000-00-00', 1, 4, 5, '2018-10-30', '\r'),
	(24, 28, '', '0000-00-00', 1, 7, 5, '2022-07-20', '\r'),
	(25, 26, '', '0000-00-00', 1, 5, 5, '2021-10-04', 'Авианадзор\r'),
	(26, 27, '', '0000-00-00', 1, 6, 26, '2020-04-29', '\r'),
	(27, 27, '', '0000-00-00', 1, 6, 26, '2020-04-29', '\r'),
	(28, 26, '00007/12', '0000-00-00', 1, 9, 5, '2019-12-27', 'ЦУМ, южное крыло, комната «Администратор» между 3м'),
	(29, 26, '', '0000-00-00', 1, 8, 5, '2021-03-01', 'ЦУМ, северное крыло, у Кащеева («Плюс ультра»)\r'),
	(30, 31, '', '0000-00-00', 1, 10, 1, '2022-01-18', '\r'),
	(31, 31, '', '0000-00-00', 1, 10, 1, '2022-01-18', '\r'),
	(32, 26, '', '0000-00-00', 1, 11, 4, '2022-02-03', '\r'),
	(33, 26, '271021/7', '0000-00-00', 1, 18, 1, '2022-12-12', '\r'),
	(34, 43, '11022023/7', '2023-02-11', 1, 19, 5, '2023-04-17', '\r'),
	(35, 43, '', '0000-00-00', 1, 13, 5, '2016-01-11', '\r'),
	(36, 26, '00039/12', '0000-00-00', 1, 14, 4, '2021-05-24', '\r'),
	(37, 26, '', '0000-00-00', 1, 15, 1, '2019-08-29', '\r'),
	(38, 43, '', '0000-00-00', 1, 16, 5, '0000-00-00', 'Снято 30.08.19 с шкафом “4““.\r'),
	(39, 36, '00014/12', '0000-00-00', 1, 17, 5, '2019-11-19', '\r'),
	(40, 43, '11022023/9', '2023-02-11', 1, 13, 5, '2023-04-11', '3 эт. офис 34\r'),
	(41, 26, '16122022/2', '2022-12-16', 1, 21, 4, '2023-01-30', '\r'),
	(42, 26, '23092022/3', '0000-00-00', 2, 34, 1, '2023-08-25', 'Свитч 1\r'),
	(43, 26, '21092022/2', '2022-09-21', 3, 38, 1, '2023-08-25', 'Свитч 2\r'),
	(44, 26, '', '0000-00-00', 1, 23, 5, '0000-00-00', '\r'),
	(45, 26, '16082022/1', '2022-08-16', 1, 26, 4, '2022-09-28', '\r'),
	(46, 26, '16082022/3', '2022-08-16', 1, 24, 4, '2022-09-28', '\r'),
	(47, 43, '00023/12', '0000-00-00', 1, 25, 1, '2022-02-16', '\r'),
	(48, 26, '', '0000-00-00', 1, 27, 1, '2022-05-04', '\r'),
	(49, 26, '00020/12', '0000-00-00', 1, 28, 1, '2021-04-22', '\r'),
	(50, 43, '', '0000-00-00', 1, 31, 4, '2022-02-13', '\r'),
	(51, 26, '16122022/3', '2022-12-16', 1, 29, 1, '2023-01-17', '\r'),
	(52, 26, '', '0000-00-00', 1, 32, 4, '2021-07-12', '\r'),
	(53, 26, '', '0000-00-00', 1, 30, 4, '2021-03-15', '\r'),
	(54, 26, '', '0000-00-00', 1, 39, 1, '0000-00-00', '\r'),
	(55, 26, '00021/12', '0000-00-00', 1, 40, 0, '2020-02-20', 'ПНИ\r'),
	(56, 26, '', '0000-00-00', 1, 41, 4, '2021-08-16', '\r'),
	(57, 31, '', '0000-00-00', 1, 42, 26, '0000-00-00', '\r'),
	(58, 31, '00025/12', '0000-00-00', 1, 42, 4, '2021-12-10', '9 этаж\r'),
	(59, 26, '00000/12', '2019-07-24', 1, 44, 4, '2021-03-26', '\r'),
	(60, 26, '30102022/7', '2022-10-30', 1, 45, 7, '2022-11-16', 'оф. 305/2\r'),
	(61, 43, '', '0000-00-00', 1, 47, 5, '2019-09-30', '\r'),
	(62, 31, '', '0000-00-00', 1, 47, 1, '2019-09-30', '\r'),
	(63, 26, '', '0000-00-00', 1, 48, 4, '0000-00-00', '\r'),
	(64, 37, '01062022/2', '2022-06-01', 1, 49, 31, '2022-08-18', '\r'),
	(65, 37, '11072022/3', '2022-07-11', 1, 49, 31, '2022-08-18', '\r'),
	(66, 26, '30102021/8', '2021-10-30', 1, 50, 4, '2022-08-10', '\r'),
	(67, 31, '', '0000-00-00', 1, 51, 1, '2019-04-15', 'Свитч 1\r'),
	(68, 31, '', '0000-00-00', 1, 51, 1, '2019-12-10', '\r'),
	(69, 43, '', '0000-00-00', 1, 52, 5, '2019-01-09', 'управление таксопарка\r'),
	(70, 26, '', '0000-00-00', 1, 53, 4, '2022-04-15', '\r'),
	(71, 43, '', '0000-00-00', 1, 54, 5, '2021-09-24', 'скс\r'),
	(72, 26, '', '0000-00-00', 1, 55, 7, '2022-05-28', '8й этаж, около восточной лестницы\r'),
	(73, 26, '11022023/2', '2023-02-11', 1, 56, 19, '2023-03-31', '\r'),
	(74, 26, '11022023/5', '2023-02-11', 1, 56, 1, '2023-03-31', '\r'),
	(75, 26, '30102021/6', '2021-10-30', 1, 57, 4, '2022-08-08', '\r'),
	(76, 38, '00009/12', '0000-00-00', 1, 58, 4, '2020-12-24', '\r'),
	(77, 38, '', '0000-00-00', 1, 58, 5, '2020-03-02', '\r'),
	(78, 43, '', '0000-00-00', 1, 59, 5, '2021-06-22', '\r'),
	(79, 28, '00006/12', '0000-00-00', 1, 60, 19, '2019-03-04', '1й подъезд, 1й этаж\r'),
	(80, 38, '', '0000-00-00', 1, 60, 1, '2021-08-17', '2й подъезд, 18й этаж\r'),
	(81, 26, '', '0000-00-00', 1, 61, 4, '2021-03-23', '\r'),
	(82, 43, '', '0000-00-00', 1, 62, 4, '2022-04-11', '\r'),
	(83, 43, '', '0000-00-00', 1, 42, 5, '2021-09-27', 'Мечникова 63 (Ивановского 38) АТС\r'),
	(84, 26, '', '0000-00-00', 3, 38, 5, '2021-10-29', '\r'),
	(85, 43, '23112022/1', '2022-11-23', 1, 64, 5, '2022-11-23', '\r'),
	(86, 43, '17022022/1', '2022-02-17', 1, 65, 5, '2022-10-04', '\r'),
	(87, 43, '00008/7', '0000-00-00', 3, 38, 5, '2020-05-30', 'Свитч 2\r'),
	(88, 43, '', '0000-00-00', 3, 38, 5, '2019-05-30', '\r'),
	(89, 26, '', '0000-00-00', 1, 67, 7, '0000-00-00', '\r'),
	(90, 26, '', '0000-00-00', 1, 68, 4, '2022-03-16', '\r'),
	(91, 43, '', '0000-00-00', 1, 69, 5, '2019-05-21', '\r'),
	(92, 43, '00017/7', '0000-00-00', 1, 70, 5, '2021-02-26', 'Ростсистема\r'),
	(93, 43, '00018/7', '0000-00-00', 1, 70, 5, '2021-02-26', 'РосКо\r'),
	(94, 26, '', '0000-00-00', 1, 71, 4, '2020-06-15', '\r'),
	(95, 26, '', '0000-00-00', 1, 72, 1, '2021-10-11', '\r'),
	(96, 26, '00038/12', '0000-00-00', 1, 73, 4, '2021-05-24', '\r'),
	(97, 43, '', '0000-00-00', 1, 74, 5, '0000-00-00', '1й этаж, южное крыло\r'),
	(98, 26, '', '0000-00-00', 1, 74, 5, '0000-00-00', '2й этаж, северное крыло\r'),
	(99, 43, '', '0000-00-00', 1, 74, 5, '0000-00-00', '1й этаж, северное крыло\r'),
	(100, 26, '', '0000-00-00', 1, 74, 17, '2021-08-17', '\r'),
	(101, 27, '00001/85', '0000-00-00', 1, 75, 31, '2021-06-17', '\r'),
	(102, 27, '00002/85', '0000-00-00', 1, 75, 31, '2021-06-17', '\r'),
	(103, 26, '15122022/4', '2022-12-15', 1, 76, 1, '2022-07-19', '\r'),
	(104, 26, '', '0000-00-00', 1, 77, 5, '2021-09-07', '\r'),
	(105, 26, '', '0000-00-00', 1, 78, 1, '2022-04-07', '\r'),
	(106, 26, '271021/2', '2021-10-27', 1, 79, 4, '2021-11-08', '\r'),
	(107, 26, '11042023/2', '2023-04-11', 1, 55, 4, '2023-05-03', '\r'),
	(108, 26, '19092022/4', '2022-09-19', 1, 80, 1, '2022-07-10', '\r'),
	(109, 26, '11022023/1 ', '2023-02-11', 1, 81, 1, '2023-02-27', '\r'),
	(110, 43, '00028/12', '0000-00-00', 2, 34, 5, '2023-08-25', '\r'),
	(111, 26, '', '0000-00-00', 1, 83, 5, '2018-03-15', '(Миком)\r'),
	(112, 26, '00035/12', '0000-00-00', 1, 82, 4, '2021-06-23', '\r'),
	(113, 26, '301021/4', '0000-00-00', 2, 34, 1, '2023-06-01', 'с Пушкинской 98-100'),
	(114, 26, '', '0000-00-00', 1, 85, 1, '2022-05-19', '\r'),
	(115, 43, '', '0000-00-00', 1, 88, 5, '0000-00-00', '\r'),
	(116, 26, '00002/12', '0000-00-00', 1, 88, 1, '2019-09-16', '\r'),
	(117, 26, '00026/12', '0000-00-00', 1, 87, 4, '2020-12-02', 'Стоматология\r'),
	(118, 26, '', '0000-00-00', 1, 86, 1, '2022-05-26', '\r'),
	(119, 37, '20102021/1 ', '2021-10-20', 1, 86, 1, '2023-02-10', '\r'),
	(120, 43, '00005/7', '2019-07-24', 1, 89, 5, '2019-09-23', 'ТД «Максимов»\r'),
	(121, 43, '21102022/1', '2022-10-21', 1, 89, 5, '2023-10-20', '\r'),
	(122, 26, '', '0000-00-00', 1, 90, 4, '2021-06-07', '\r'),
	(123, 26, '15122021/5', '2022-12-15', 1, 91, 5, '2022-07-26', '\r'),
	(124, 43, '00004/7', '2019-07-24', 1, 92, 5, '2019-10-21', '\r'),
	(125, 26, '16122022/4', '2022-12-16', 1, 93, 5, '2023-01-30', '\r'),
	(126, 26, '00017/12', '0000-00-00', 1, 94, 5, '2023-01-31', 'б/у, был в утиле\r'),
	(127, 26, '23092022/2', '2022-09-23', 1, 95, 7, '2022-11-14', '2эт.\r'),
	(128, 26, '00042/12', '0000-00-00', 1, 96, 5, '2021-08-10', 'повторяется с №88\r'),
	(129, 26, '', '0000-00-00', 1, 97, 5, '2021-07-10', '\r'),
	(130, 43, '', '0000-00-00', 1, 97, 5, '0000-00-00', 'inside\r'),
	(131, 31, '', '0000-00-00', 1, 98, 1, '2021-07-06', '\r'),
	(132, 26, '', '0000-00-00', 1, 100, 7, '2019-02-12', '\r'),
	(133, 43, '00007/26', '0000-00-00', 1, 101, 1, '2022-02-21', '\r'),
	(134, 26, '00032/12', '0000-00-00', 1, 71, 4, '2020-06-15', 'Стадион ТРУД\r'),
	(135, 26, '21092022/1', '2022-09-21', 1, 104, 1, '2022-10-25', 'Свитч 2\r'),
	(136, 31, '', '0000-00-00', 1, 104, 1, '2019-04-26', '\r'),
	(137, 26, '00022/12', '0000-00-00', 1, 105, 5, '2020-03-20', '\r'),
	(138, 31, '', '0000-00-00', 1, 106, 1, '2019-05-22', '\r'),
	(139, 26, '', '0000-00-00', 3, 107, 7, '2021-11-18', '\r'),
	(140, 43, '', '0000-00-00', 1, 108, 5, '2021-04-29', '\r'),
	(141, 27, '2906202023/1', '0000-00-00', 2, 34, 27, '2023-06-30', 'из старых установок'),
	(142, 27, '2906202023/2', '0000-00-00', 2, 34, 27, '2023-06-30', 'из старых установок'),
	(143, 26, '11082023/1', '0000-00-00', 2, 34, 1, '2023-09-01', 'Свитч 2\r'),
	(144, 38, '11082023/2', '0000-00-00', 2, 34, 1, '2023-09-01', 'Свитч 1\r'),
	(145, 43, '', '0000-00-00', 1, 111, 5, '0000-00-00', 'на верхних этажах\r'),
	(146, 26, '30102021/5', '2021-10-30', 1, 112, 4, '2022-08-04', 'к1п1\r'),
	(147, 31, '', '0000-00-00', 1, 113, 1, '2022-06-21', '\r'),
	(148, 31, '', '0000-00-00', 1, 114, 1, '2022-05-08', '\r'),
	(149, 26, '00031/12', '0000-00-00', 1, 115, 1, '2020-11-17', '\r'),
	(150, 41, '101221/6', '0000-00-00', 1, 116, 1, '2022-03-10', '\r'),
	(151, 43, '00003/7', '2019-07-24', 3, 38, 5, '2019-10-21', '2й этаж, шкаф\r'),
	(152, 26, '11022023/6', '2023-02-11', 1, 117, 1, '2023-04-17', '4 этаж\r'),
	(153, 43, '11022023/8', '2023-02-11', 1, 117, 5, '2023-04-17', '1й этаж, над комнатой охраны\r'),
	(154, 43, '00006/7', '0000-00-00', 1, 117, 5, '2019-10-21', '1 этаж офис 21\r'),
	(155, 26, '11042023/3', '2023-04-11', 1, 22, 5, '2023-08-07', 'АВР'),
	(156, 26, '27102021/7', '0000-00-00', 1, 120, 5, '2021-11-24', 'Возврат 24.10.2022\r'),
	(157, 43, '', '0000-00-00', 1, 121, 5, '2020-08-06', '\r'),
	(158, 31, '', '0000-00-00', 1, 123, 1, '2022-04-07', '(Электрик)\r'),
	(159, 43, '', '0000-00-00', 1, 122, 5, '2021-08-30', '\r'),
	(160, 31, '00003/26', '2019-07-24', 2, 34, 0, '2022-08-18', '\r'),
	(161, 31, '00005/26', '2019-07-24', 2, 34, 0, '2022-08-18', '\r'),
	(162, 31, '', '0000-00-00', 2, 34, 1, '2019-05-20', 'с Освобожд. 11а\r'),
	(163, 31, '00008/26', '0000-00-00', 2, 34, 0, '2022-12-26', 'Свитч 2\r'),
	(164, 26, '11022023/3', '2023-02-11', 1, 119, 0, '2023-02-11', '\r'),
	(165, 26, '11022023/4', '2023-02-11', 1, 107, 0, '2023-02-11', '\r'),
	(166, 26, '11042023/1', '2023-02-11', 1, 56, 0, '2023-05-03', '\r'),
	(167, 43, '00002/7', '0000-00-00', 2, 34, 0, '0000-00-00', '\r'),
	(168, 37, '21032022/4', '2022-03-21', 2, 34, 0, '0000-00-00', '\r'),
	(169, 37, '01062022/1', '2022-06-01', 1, 116, 15, '2023-08-04', '\r'),
	(170, 27, '12102021/3', '2021-10-12', 1, 109, 0, '2023-06-30', '\r'),
	(171, 27, '12102021/4', '2021-10-12', 1, 109, 0, '2023-06-30', '\r'),
	(172, 26, '00030/12', '0000-00-00', 3, 29, 0, '2023-05-30', '\r'),
	(173, 43, '00016/7', '0000-00-00', 1, 29, 21, '2023-01-23', '\r'),
	(174, 31, '26122022/1', '2022-12-26', 1, 29, 0, '2023-03-02', 'Свитч 1\r'),
	(175, 26, '03042023/1', '2023-04-03', 1, 56, 19, '2022-06-01', '\r'),
	(176, 31, '00011/26', '0000-00-00', 1, 101, 0, '2022-02-21', '\r'),
	(177, 43, '00002/7', '2019-07-24', 2, 34, 5, '2023-04-17', '1й этаж, над комнатой охраны\r'),
	(178, 26, '00015/12', '0000-00-00', 2, 34, 1, '2023-04-17', '4 этаж\r'),
	(179, 26, '19042023/1', '2023-04-19', 1, 80, 0, '2023-07-07', '\r'),
	(180, 26, '19042023/2', '2023-04-19', 3, 38, 0, '2023-08-25', 'большой ток утечки 800мA'),
	(181, 43, '19042023/3', '2023-04-19', 1, 66, 0, '2023-05-30', '\r'),
	(182, 43, '19042023/4', '2023-04-19', 1, 66, 0, '2023-05-30', 'Дергунов Н.Н.'),
	(183, 43, '19042023/5', '2023-04-19', 2, 34, 0, '2023-04-19', '\r'),
	(184, 43, '', '0000-00-00', 1, 33, 7, '0000-00-00', 'шкаф на 1-м этаже возле лифтовой в основном входе '),
	(185, 43, '00001/7', '2019-07-24', 1, 37, 26, '2020-02-10', 'оф. 27\r'),
	(186, 26, '', '0000-00-00', 1, 35, 7, '0000-00-00', 'оф. 25\r'),
	(187, 43, '', '0000-00-00', 1, 37, 5, '2017-10-03', 'оф. 27\r'),
	(188, 43, '00009/7', '0000-00-00', 1, 3, 0, '0000-00-00', 'Славянский квартал\r'),
	(189, 43, '00010/7', '0000-00-00', 1, 35, 0, '0000-00-00', 'оф. 25 Куцовол\r'),
	(190, 43, '21022022/3', '2022-02-21', 1, 36, 27, '2022-11-10', 'UPS Петровича\r'),
	(191, 43, '00015/7', '0000-00-00', 3, 35, 0, '2023-05-15', 'оф.25  APC Дергунов Н.Н.\r'),
	(192, 26, '23092022/1', NULL, 1, 56, NULL, '2023-05-30', NULL),
	(193, 43, '23052023/1', '2023-05-23', 2, 34, NULL, '2023-05-30', NULL),
	(194, 43, '23052023/2', '2023-05-23', 1, 82, NULL, '2023-06-01', NULL),
	(195, 43, '23052023/3', '2023-05-23', 1, 110, NULL, '2023-09-01', NULL),
	(196, 43, '23052023/4', '2023-05-23', 1, 110, NULL, '2023-09-01', NULL),
	(197, 26, '13062023/1', NULL, 2, 34, NULL, NULL, 'из старых инсталляций. поставлен на учет 13.06.23'),
	(199, 26, '04062023/1', '2023-06-04', 2, 34, NULL, NULL, NULL),
	(200, 26, '04062023/2', '2023-06-04', 1, 45, NULL, '2023-08-04', NULL),
	(201, 43, '04062023/3', '2023-06-04', 1, 97, NULL, NULL, NULL),
	(202, 43, '04062023/4', '2023-06-04', 2, 34, NULL, NULL, NULL),
	(203, 26, '20062023/1', '2023-06-20', 1, 22, NULL, '2023-08-07', 'АВР'),
	(204, 43, '20062023/2', '2023-06-20', 1, 84, NULL, NULL, NULL),
	(206, 43, '20062023/3', '2023-06-20', 2, 34, NULL, NULL, NULL),
	(207, 40, '23062023/1', '2023-06-23', 1, 125, 30, '2023-06-26', '1 стойка'),
	(208, 40, '23062023/2', '2023-06-23', 1, 125, 30, '2023-06-26', '1 стойка'),
	(209, 40, '02082023/1', NULL, 2, 34, NULL, '2023-08-04', NULL),
	(210, 40, '02082023/2', NULL, 2, 34, NULL, '2023-08-04', NULL),
	(211, 40, NULL, NULL, 1, 125, 30, '2023-08-04', '1 стойка'),
	(212, 40, NULL, NULL, 1, 125, 30, '2023-08-04', '1 стойка'),
	(213, 40, NULL, NULL, 1, 125, 30, '2023-08-04', '1 стойка'),
	(214, 40, NULL, NULL, 1, 125, 30, '2023-08-04', '1 стойка'),
	(215, 40, NULL, NULL, 1, 125, 30, '2023-08-04', '1 стойка'),
	(216, 40, NULL, NULL, 1, 125, 30, '2023-08-04', '1 стойка'),
	(217, 43, NULL, NULL, 1, 125, 33, '2023-08-04', '2 стойка'),
	(218, 30, NULL, NULL, 1, 125, 33, '2023-08-04', '2 стойка'),
	(219, 30, NULL, NULL, 1, 125, 33, '2023-08-04', '2 стойка'),
	(220, 38, NULL, NULL, 3, 38, NULL, '2023-07-31', NULL),
	(221, 27, '30072023/1', NULL, 2, 34, NULL, '2023-08-04', NULL),
	(222, 27, '30072023/2', NULL, 2, 34, NULL, '2023-08-04', NULL),
	(223, 27, '2906202023/2', NULL, 3, 38, NULL, '2023-08-04', NULL);
/*!40000 ALTER TABLE `accs` ENABLE KEYS */;

-- Дамп структуры для таблица accums.cities
CREATE TABLE IF NOT EXISTS `cities` (
  `id` int unsigned NOT NULL AUTO_INCREMENT,
  `city` varchar(50) COLLATE utf8mb4_general_ci NOT NULL DEFAULT '0',
  `comment` varchar(50) CHARACTER SET utf8mb4 COLLATE utf8mb4_general_ci DEFAULT NULL,
  PRIMARY KEY (`id`)
) ENGINE=InnoDB AUTO_INCREMENT=3 DEFAULT CHARSET=utf8mb4 COLLATE=utf8mb4_general_ci;

-- Дамп данных таблицы accums.cities: ~2 rows (приблизительно)
/*!40000 ALTER TABLE `cities` DISABLE KEYS */;
INSERT INTO `cities` (`id`, `city`, `comment`) VALUES
	(1, 'Ростов-на-Дону', '0'),
	(2, 'Батайск', '0');
/*!40000 ALTER TABLE `cities` ENABLE KEYS */;

-- Дамп структуры для таблица accums.equip
CREATE TABLE IF NOT EXISTS `equip` (
  `id` int unsigned NOT NULL AUTO_INCREMENT,
  `type` varchar(50) COLLATE utf8mb4_general_ci NOT NULL DEFAULT '0',
  `comment` varchar(50) CHARACTER SET utf8mb4 COLLATE utf8mb4_general_ci DEFAULT NULL,
  PRIMARY KEY (`id`)
) ENGINE=InnoDB AUTO_INCREMENT=34 DEFAULT CHARSET=utf8mb4 COLLATE=utf8mb4_general_ci;

-- Дамп данных таблицы accums.equip: ~25 rows (приблизительно)
/*!40000 ALTER TABLE `equip` DISABLE KEYS */;
INSERT INTO `equip` (`id`, `type`, `comment`) VALUES
	(1, 'Dlink DES-3200-28F', '0'),
	(2, 'Eltex-LTP-4X\r', '0'),
	(3, 'Eltex-LTP-8X\r', '0'),
	(4, 'HS2328P\r', '0'),
	(5, 'Raisecom 2110EA-MA-WP\r', '0'),
	(7, 'Raisecom 2128EA-MA', '0'),
	(9, 'Raisecom i2924gf \r', '0'),
	(11, 'Eltex MES2124F\r', '0'),
	(15, 'Eltex MES2324FB-AC', '0'),
	(16, 'QTECH QSW-46-10T-AC-UPS\r', '0'),
	(17, 'Orion Alpha A28F\r', '0'),
	(18, 'SNR S2950\r', '0'),
	(19, 'SNR S2960-48G', '0'),
	(20, 'SNR-S2970G-24S', '0'),
	(21, 'SNR S2990G-24Fx\r', '0'),
	(22, 'комплект узла\r', '0'),
	(23, 'Dlink DES-3028', '0'),
	(24, 'Eltex MES1124MB-AC', NULL),
	(25, 'Quidway S2328P-EI-AC', NULL),
	(26, 'ПК', NULL),
	(27, 'UPS', NULL),
	(28, 'UPS Inelt-1000', NULL),
	(29, 'UPS Eltena-1000', NULL),
	(30, 'UPS Inelt-3000', NULL),
	(31, 'UPS SNR Element, 1000 VA', NULL),
	(32, 'Dlink DES-2108', NULL),
	(33, 'UPS IPPON Smart Power PRO 2000', NULL);
/*!40000 ALTER TABLE `equip` ENABLE KEYS */;

-- Дамп структуры для таблица accums.history
CREATE TABLE IF NOT EXISTS `history` (
  `id_rec` int unsigned NOT NULL AUTO_INCREMENT,
  `acc_id` int unsigned DEFAULT NULL,
  `model` int unsigned NOT NULL DEFAULT '0',
  `d_prod` datetime DEFAULT NULL,
  `state` int unsigned DEFAULT NULL,
  `node` int unsigned NOT NULL DEFAULT '0',
  `equip` int unsigned DEFAULT NULL,
  `d_edit` datetime DEFAULT NULL,
  `comment` varchar(50) CHARACTER SET utf8mb4 COLLATE utf8mb4_general_ci DEFAULT NULL,
  PRIMARY KEY (`id_rec`) USING BTREE
) ENGINE=InnoDB AUTO_INCREMENT=143 DEFAULT CHARSET=utf8mb4 COLLATE=utf8mb4_general_ci;

-- Дамп данных таблицы accums.history: ~134 rows (приблизительно)
/*!40000 ALTER TABLE `history` DISABLE KEYS */;
INSERT INTO `history` (`id_rec`, `acc_id`, `model`, `d_prod`, `state`, `node`, `equip`, `d_edit`, `comment`) VALUES
	(4, 1, 2, NULL, 1, 20, 1, NULL, NULL),
	(5, 139, 26, '0000-00-00 00:00:00', 1, 107, 7, '2021-11-18 00:00:00', '\r'),
	(6, 155, 26, '2023-04-11 00:00:00', 1, 119, 5, '2023-04-12 00:00:00', '\r'),
	(7, 107, 26, '2023-04-11 00:00:00', 1, 79, 4, '2023-04-18 00:00:00', '\r'),
	(8, 107, 26, '2023-04-11 00:00:00', 1, 37, 4, '2023-05-03 00:00:00', '\r'),
	(9, 191, 43, '0000-00-00 00:00:00', 1, 35, 0, '0000-00-00 00:00:00', 'оф.25  APC Дергунов Н.Н.\r'),
	(10, 191, 43, '0000-00-00 00:00:00', 3, 35, 0, '0000-00-00 00:00:00', 'оф.25  APC Дергунов Н.Н.\r'),
	(11, 182, 43, '2023-04-19 00:00:00', 2, 29, 0, '2023-04-19 00:00:00', '\r'),
	(13, 172, 26, '0000-00-00 00:00:00', 1, 29, 0, '2023-01-23 00:00:00', '\r'),
	(14, 192, 26, NULL, 1, 68, NULL, NULL, NULL),
	(15, 179, 26, '2023-04-19 00:00:00', 2, 29, 0, '2023-04-19 00:00:00', '\r'),
	(16, 192, 26, NULL, 1, 34, NULL, '2023-05-30 00:00:00', NULL),
	(17, 181, 43, '2023-04-19 00:00:00', 2, 29, 0, '2023-04-19 00:00:00', '\r'),
	(18, 182, 43, '2023-04-19 00:00:00', 2, 35, 0, '2023-05-15 00:00:00', 'Дергунов Н.Н.'),
	(19, 181, 43, '2023-04-19 00:00:00', 2, 66, 0, '2023-04-19 00:00:00', '\r'),
	(20, 182, 43, '2023-04-19 00:00:00', 2, 66, 0, '2023-05-15 00:00:00', 'Дергунов Н.Н.'),
	(21, 87, 43, '0000-00-00 00:00:00', 1, 66, 5, '2020-01-31 00:00:00', 'Свитч 2\r'),
	(22, 87, 43, '0000-00-00 00:00:00', 1, 66, 5, '2020-01-31 00:00:00', 'Свитч 2\r'),
	(23, 88, 43, '0000-00-00 00:00:00', 1, 66, 5, '2019-01-22 00:00:00', '\r'),
	(24, 87, 43, '0000-00-00 00:00:00', 3, 66, 5, '2020-01-31 00:00:00', 'Свитч 2\r'),
	(25, 88, 43, '0000-00-00 00:00:00', 3, 66, 5, '2019-01-22 00:00:00', '\r'),
	(26, 181, 43, '2023-04-19 00:00:00', 2, 66, 0, '2023-05-30 00:00:00', '\r'),
	(27, 182, 43, '2023-04-19 00:00:00', 2, 66, 0, '2023-05-30 00:00:00', 'Дергунов Н.Н.'),
	(28, 87, 43, '0000-00-00 00:00:00', 3, 66, 5, '2020-05-30 00:00:00', 'Свитч 2\r'),
	(29, 88, 43, '0000-00-00 00:00:00', 3, 66, 5, '2019-05-30 00:00:00', '\r'),
	(30, 193, 43, '2023-05-23 00:00:00', 2, 34, NULL, NULL, NULL),
	(31, 166, 26, '2023-02-11 00:00:00', 2, 29, 0, '2023-04-11 00:00:00', '\r'),
	(32, 161, 31, '2019-07-24 00:00:00', 2, 29, 0, '2022-08-18 00:00:00', '\r'),
	(33, 160, 31, '2019-07-24 00:00:00', 2, 29, 0, '2022-08-18 00:00:00', '\r'),
	(34, 163, 31, '0000-00-00 00:00:00', 2, 29, 0, '2022-12-26 00:00:00', 'Свитч 2\r'),
	(35, 162, 31, '0000-00-00 00:00:00', 2, 29, 1, '2019-05-20 00:00:00', 'с Освобожд. 11а\r'),
	(36, 167, 30, '0000-00-00 00:00:00', 2, 29, 0, '0000-00-00 00:00:00', '\r'),
	(37, 168, 30, '2022-03-21 00:00:00', 2, 29, 0, '0000-00-00 00:00:00', '\r'),
	(38, 169, 30, '2022-06-01 00:00:00', 2, 29, 0, '0000-00-00 00:00:00', '\r'),
	(39, 170, 27, '2021-10-12 00:00:00', 2, 29, 0, '0000-00-00 00:00:00', '\r'),
	(40, 171, 27, '2021-10-12 00:00:00', 2, 29, 0, '0000-00-00 00:00:00', '\r'),
	(41, 180, 26, '2023-04-19 00:00:00', 2, 29, 0, '2023-04-19 00:00:00', '\r'),
	(42, 183, 43, '2023-04-19 00:00:00', 2, 29, 0, '2023-04-19 00:00:00', '\r'),
	(43, 178, 26, '0000-00-00 00:00:00', 2, 118, 1, '2023-04-17 00:00:00', '4 этаж\r'),
	(44, 177, 43, '2019-07-24 00:00:00', 2, 118, 5, '2023-04-17 00:00:00', '1й этаж, над комнатой охраны\r'),
	(45, 175, 26, '2023-04-03 00:00:00', 2, 56, 19, '2022-06-01 00:00:00', '\r'),
	(46, 155, 26, '2023-04-11 00:00:00', 2, 119, 5, '2023-04-12 00:00:00', '\r'),
	(47, 176, 31, '0000-00-00 00:00:00', 2, 101, 0, '2022-02-21 00:00:00', '\r'),
	(48, 179, 26, '2023-04-19 00:00:00', 2, 132, 0, '2023-04-19 00:00:00', '\r'),
	(49, 194, 43, '2023-05-23 00:00:00', 2, 34, NULL, '2023-05-30 00:00:00', NULL),
	(50, 194, 43, '2023-05-23 00:00:00', 1, 82, NULL, '2023-05-30 00:00:00', NULL),
	(51, 113, 26, '0000-00-00 00:00:00', 1, 82, 1, '2021-12-08 00:00:00', '\r'),
	(52, 113, 26, '0000-00-00 00:00:00', 2, 34, 1, '2023-06-01 00:00:00', '\r'),
	(53, 151, 43, '2019-07-24 00:00:00', 1, 117, 5, '2019-10-21 00:00:00', '2й этаж, шкаф\r'),
	(54, 151, 43, '2019-07-24 00:00:00', 1, 38, 5, '2019-10-21 00:00:00', '2й этаж, шкаф\r'),
	(55, 84, 26, '0000-00-00 00:00:00', 1, 64, 5, '2021-10-29 00:00:00', '\r'),
	(56, 197, 26, NULL, 1, 12, NULL, NULL, NULL),
	(57, 197, 26, NULL, 1, 12, NULL, NULL, 'из старых инсталляций. поставлен на учет 13.06.23'),
	(58, 199, 26, '2021-06-04 00:00:00', 1, 34, NULL, NULL, NULL),
	(59, 197, 26, NULL, 1, 34, NULL, NULL, 'из старых инсталляций. поставлен на учет 13.06.23'),
	(60, 199, 26, '2023-06-04 00:00:00', 1, 34, NULL, NULL, NULL),
	(61, 200, 26, '2023-06-04 00:00:00', 1, 34, NULL, NULL, NULL),
	(62, 201, 26, '2023-06-04 00:00:00', 1, 34, NULL, NULL, NULL),
	(63, 202, 26, '2023-06-04 00:00:00', 1, 34, NULL, NULL, NULL),
	(64, 180, 26, '2023-04-19 00:00:00', 2, 34, 0, '2023-04-19 00:00:00', '\r'),
	(65, 170, 27, '2021-10-12 00:00:00', 2, 34, 0, '0000-00-00 00:00:00', '\r'),
	(66, 171, 27, '2021-10-12 00:00:00', 2, 34, 0, '0000-00-00 00:00:00', '\r'),
	(67, 3, 26, '2022-12-12 00:00:00', 1, 1, 1, '2023-01-20 00:00:00', '\r'),
	(68, 141, 27, '0000-00-00 00:00:00', 1, 109, 27, '0000-00-00 00:00:00', '(серверная)\r'),
	(69, 142, 27, '0000-00-00 00:00:00', 1, 109, 27, '0000-00-00 00:00:00', '(серверная)\r'),
	(70, 141, 27, '0000-00-00 00:00:00', 2, 34, 27, '2023-06-30 00:00:00', '(серверная)\r'),
	(71, 207, 40, '2023-06-23 00:00:00', 2, 34, NULL, NULL, NULL),
	(72, 208, 40, '2023-06-23 00:00:00', 2, 34, NULL, NULL, NULL),
	(73, 179, 26, '2023-04-19 00:00:00', 1, 132, 0, '2023-04-19 00:00:00', '\r'),
	(74, 108, 26, '2022-09-19 00:00:00', 1, 80, 1, '2022-11-22 00:00:00', '\r'),
	(75, 108, 26, '2022-09-19 00:00:00', 1, 132, 1, '2022-07-10 00:00:00', '\r'),
	(76, 209, 40, NULL, NULL, 125, NULL, NULL, NULL),
	(77, 209, 40, NULL, NULL, 125, NULL, '2023-08-04 00:00:00', NULL),
	(78, 207, 40, '2023-06-23 00:00:00', 2, 125, NULL, '2023-06-26 00:00:00', NULL),
	(79, 208, 40, '2023-06-23 00:00:00', 2, 125, NULL, '2023-06-26 00:00:00', NULL),
	(80, 209, 40, NULL, 2, 125, NULL, '2023-08-04 00:00:00', NULL),
	(81, 210, 40, NULL, 2, 125, NULL, '2023-08-04 00:00:00', NULL),
	(82, 211, 40, NULL, NULL, 125, NULL, '2023-08-04 00:00:00', NULL),
	(83, 207, 40, '2023-06-23 00:00:00', 1, 125, NULL, '2023-06-26 00:00:00', NULL),
	(84, 208, 40, '2023-06-23 00:00:00', 1, 125, NULL, '2023-06-26 00:00:00', NULL),
	(85, 211, 40, NULL, 1, 125, NULL, '2023-08-04 00:00:00', NULL),
	(86, 212, 40, NULL, 1, 125, NULL, '2023-08-04 00:00:00', NULL),
	(87, 213, 40, NULL, 1, 125, NULL, '2023-08-04 00:00:00', NULL),
	(88, 214, 40, NULL, 1, 125, NULL, '2023-08-04 00:00:00', NULL),
	(89, 215, 40, NULL, 1, 125, NULL, '2023-08-04 00:00:00', NULL),
	(90, 216, 40, NULL, 1, 125, NULL, '2023-08-04 00:00:00', NULL),
	(91, 207, 40, '2023-06-23 00:00:00', 1, 125, 30, '2023-06-26 00:00:00', NULL),
	(92, 208, 40, '2023-06-23 00:00:00', 1, 125, 30, '2023-06-26 00:00:00', NULL),
	(93, 211, 40, NULL, 1, 125, 30, '2023-08-04 00:00:00', NULL),
	(94, 212, 40, NULL, 1, 125, 30, '2023-08-04 00:00:00', NULL),
	(95, 213, 40, NULL, 1, 125, 30, '2023-08-04 00:00:00', NULL),
	(96, 214, 40, NULL, 1, 125, 30, '2023-08-04 00:00:00', NULL),
	(97, 215, 40, NULL, 1, 125, 30, '2023-08-04 00:00:00', NULL),
	(98, 216, 40, NULL, 1, 125, 30, '2023-08-04 00:00:00', NULL),
	(99, 17, 43, '0000-00-00 00:00:00', 1, 125, 27, '0000-00-00 00:00:00', '\r'),
	(100, 17, 43, '0000-00-00 00:00:00', 1, 125, 27, '0000-00-00 00:00:00', '1 стойка'),
	(101, 17, 43, '0000-00-00 00:00:00', 1, 125, 27, '0000-00-00 00:00:00', '2 стойка'),
	(102, 217, 43, NULL, 1, 125, 33, '2023-08-04 00:00:00', NULL),
	(103, 200, 26, '2023-06-04 00:00:00', 2, 34, NULL, NULL, NULL),
	(104, 220, 38, NULL, 3, 1, NULL, '2023-07-31 00:00:00', NULL),
	(105, 223, 27, NULL, 1, 109, NULL, NULL, NULL),
	(106, 150, 31, '0000-00-00 00:00:00', 1, 116, 1, '2022-03-10 00:00:00', '\r'),
	(107, 168, 30, '2022-03-21 00:00:00', 2, 34, 0, '0000-00-00 00:00:00', '\r'),
	(108, 169, 30, '2022-06-01 00:00:00', 2, 34, 0, '0000-00-00 00:00:00', '\r'),
	(109, 64, 30, '2022-06-01 00:00:00', 1, 49, 31, '2022-08-18 00:00:00', '\r'),
	(110, 169, 37, '2022-06-01 00:00:00', 2, 34, 0, '0000-00-00 00:00:00', '\r'),
	(111, 169, 37, '2022-06-01 00:00:00', 1, 116, 0, '2023-08-04 00:00:00', '\r'),
	(112, 119, 30, '2021-10-20 00:00:00', 1, 86, 1, '2023-02-10 00:00:00', '\r'),
	(113, 65, 30, '2022-07-11 00:00:00', 1, 49, 31, '2022-08-18 00:00:00', '\r'),
	(114, 167, 30, '0000-00-00 00:00:00', 2, 34, 0, '0000-00-00 00:00:00', '\r'),
	(115, 39, 30, '0000-00-00 00:00:00', 1, 17, 5, '2019-11-19 00:00:00', '\r'),
	(116, 76, 30, '0000-00-00 00:00:00', 1, 58, 4, '2020-12-24 00:00:00', '\r'),
	(117, 77, 30, '0000-00-00 00:00:00', 1, 58, 5, '2020-03-02 00:00:00', '\r'),
	(118, 79, 30, '0000-00-00 00:00:00', 1, 60, 19, '2019-03-04 00:00:00', '1й подъезд, 1й этаж\r'),
	(119, 80, 30, '0000-00-00 00:00:00', 1, 60, 1, '2021-08-17 00:00:00', '2й подъезд, 18й этаж\r'),
	(120, 6, 30, '0000-00-00 00:00:00', 1, 2, 4, '2020-10-14 00:00:00', 'Запад-1, 4й этаж\r'),
	(121, 24, 30, '0000-00-00 00:00:00', 1, 7, 5, '2018-05-15 00:00:00', '\r'),
	(122, 24, 30, '0000-00-00 00:00:00', 1, 7, 5, '2022-07-20 00:00:00', '\r'),
	(123, 144, 30, '0000-00-00 00:00:00', 1, 110, 1, '0000-00-00 00:00:00', 'Свитч 1\r'),
	(124, 201, 26, '2023-06-04 00:00:00', 2, 34, NULL, NULL, NULL),
	(125, 202, 26, '2023-06-04 00:00:00', 2, 34, NULL, NULL, NULL),
	(126, 201, 43, '2023-06-04 00:00:00', 2, 34, NULL, NULL, NULL),
	(127, 201, 43, '2023-06-04 00:00:00', 1, 34, NULL, NULL, NULL),
	(128, 204, 43, '2023-06-20 00:00:00', 2, 34, NULL, NULL, NULL),
	(129, 203, 43, '2023-06-20 00:00:00', 2, 34, NULL, NULL, NULL),
	(130, 203, 26, '2023-06-20 00:00:00', 2, 34, NULL, NULL, NULL),
	(131, 155, 26, '2023-04-11 00:00:00', 2, 34, 5, '2023-04-12 00:00:00', '\r'),
	(132, 196, 43, '2023-05-23 00:00:00', 2, 34, NULL, '2023-05-30 00:00:00', NULL),
	(133, 195, 43, '2023-05-23 00:00:00', 2, 34, NULL, '2023-05-30 00:00:00', NULL),
	(134, 143, 26, '0000-00-00 00:00:00', 1, 110, 1, '2019-02-01 00:00:00', 'Свитч 2\r'),
	(135, 144, 38, '0000-00-00 00:00:00', 1, 110, 1, '0000-00-00 00:00:00', 'Свитч 1\r'),
	(136, 42, 26, '0000-00-00 00:00:00', 1, 22, 1, '2021-06-18 00:00:00', 'Свитч 1\r'),
	(137, 43, 26, '2022-09-21 00:00:00', 1, 22, 1, '2022-10-25 00:00:00', 'Свитч 2\r'),
	(138, 180, 26, '2023-04-19 00:00:00', 1, 1, 0, '2023-06-29 00:00:00', '\r'),
	(139, 110, 43, '0000-00-00 00:00:00', 1, 84, 5, '2017-04-11 00:00:00', '\r'),
	(140, 4, 26, '2021-10-27 00:00:00', 1, 124, 1, '2022-11-23 00:00:00', 'Дублиует №72\r'),
	(141, 196, 43, '2023-05-23 00:00:00', 1, 110, NULL, '2023-09-01 00:00:00', NULL),
	(142, 196, 43, '2023-05-23 00:00:00', 1, 113, NULL, '2023-09-01 00:00:00', NULL);
/*!40000 ALTER TABLE `history` ENABLE KEYS */;

-- Дамп структуры для таблица accums.models
CREATE TABLE IF NOT EXISTS `models` (
  `id` int unsigned NOT NULL AUTO_INCREMENT,
  `model` varchar(50) CHARACTER SET utf8mb4 COLLATE utf8mb4_general_ci DEFAULT NULL COMMENT 'Модель аккумулятора',
  `manuf` varchar(50) COLLATE utf8mb4_general_ci DEFAULT NULL COMMENT 'Производитель',
  `charge` smallint DEFAULT NULL COMMENT 'Емкость аккумулятора',
  `comment` varchar(50) COLLATE utf8mb4_general_ci DEFAULT NULL,
  PRIMARY KEY (`id`)
) ENGINE=InnoDB AUTO_INCREMENT=44 DEFAULT CHARSET=utf8mb4 COLLATE=utf8mb4_general_ci;

-- Дамп данных таблицы accums.models: ~18 rows (приблизительно)
/*!40000 ALTER TABLE `models` DISABLE KEYS */;
INSERT INTO `models` (`id`, `model`, `manuf`, `charge`, `comment`) VALUES
	(26, 'Delta DTM 1212', 'Delta', 12, '\r'),
	(27, 'Delta Gel 12-55', 'Delta', 55, '\r'),
	(28, 'Delta HR 12-12', 'Delta', 12, '\r'),
	(29, 'Delta HRL 12-12', 'Delta', 12, '\r'),
	(30, 'Delta HR 12-18', 'Delta', 18, '\r'),
	(31, 'VIM АКБ 12/26', 'VIM', 26, '\r'),
	(32, 'SNR 12-12', 'SNR', 12, '\r'),
	(33, 'Delta HR 12-7,2', 'Delta', 7, '\r'),
	(34, 'Haze Gel HZY12-70', 'Haze', 70, '\r'),
	(35, 'CSB GP 1272 F2', 'CSB', 7, '\r'),
	(36, 'Security Force SF 12 12', 'Security Forse', 12, '\r'),
	(37, 'Security Force SF 12 26', 'Security Forse', 26, '\r'),
	(38, 'VIM АКБ 12/12 ', 'VIM', 12, '\r'),
	(39, 'Haze DTM 1226', 'Haze', 26, '\r'),
	(40, 'Haze HZY12-100', 'Haze', 100, '\r'),
	(41, 'Delta DTM 1226', 'Delta', 26, '\r'),
	(42, 'Delta Gel 12-85', 'Delta', 85, '\r'),
	(43, 'Delta DTM 1207', 'Delta', 7, NULL);
/*!40000 ALTER TABLE `models` ENABLE KEYS */;

-- Дамп структуры для таблица accums.nodes
CREATE TABLE IF NOT EXISTS `nodes` (
  `id` int unsigned NOT NULL AUTO_INCREMENT,
  `addr` varchar(50) CHARACTER SET utf8mb4 COLLATE utf8mb4_general_ci DEFAULT NULL,
  `city` int unsigned NOT NULL DEFAULT '1',
  `street` varchar(50) COLLATE utf8mb4_general_ci NOT NULL DEFAULT '0',
  `house` varchar(50) CHARACTER SET utf8mb4 COLLATE utf8mb4_general_ci DEFAULT NULL,
  `place` varchar(50) COLLATE utf8mb4_general_ci DEFAULT NULL,
  `comment` varchar(50) CHARACTER SET utf8mb4 COLLATE utf8mb4_general_ci DEFAULT NULL,
  PRIMARY KEY (`id`),
  KEY `FK_nodes_cities` (`city`),
  CONSTRAINT `FK_nodes_cities` FOREIGN KEY (`city`) REFERENCES `cities` (`id`)
) ENGINE=InnoDB AUTO_INCREMENT=133 DEFAULT CHARSET=utf8mb4 COLLATE=utf8mb4_general_ci;

-- Дамп данных таблицы accums.nodes: ~125 rows (приблизительно)
/*!40000 ALTER TABLE `nodes` DISABLE KEYS */;
INSERT INTO `nodes` (`id`, `addr`, `city`, `street`, `house`, `place`, `comment`) VALUES
	(1, '20-я улица 62В', 1, '20-я улица', '62В', '\r', NULL),
	(2, '20-я улица 43', 1, '20-я улица', '43', 'серверная\r', NULL),
	(3, '20-я улица 43 (Стоянка)', 1, '20-я улица', '43 (Стоянка)', 'стоянка\r', NULL),
	(4, 'Б. Садовая 39', 1, 'Б. Садовая', '39', '\r', NULL),
	(5, 'Б. Садовая 40', 1, 'Б. Садовая', '40', '\r', NULL),
	(6, 'Б. Садовая 41', 1, 'Б. Садовая', '41', '\r', NULL),
	(7, 'Б. Садовая 39а', 1, 'Б. Садовая', '39а', '\r', NULL),
	(8, 'Б. Садовая 46(ЦУМ) сев. крыло', 1, 'Б. Садовая', '46(ЦУМ) сев. крыло', '\r', NULL),
	(9, 'Б. Садовая 46(ЦУМ) южн. крыло', 1, 'Б. Садовая', '46(ЦУМ) южн. крыло', '\r', NULL),
	(10, 'Бабаева 15', 1, 'Бабаева', '15', '\r', NULL),
	(11, 'Братский 48', 1, 'Братский', '48', '\r', NULL),
	(12, 'Буденновский 22', 1, 'Буденновский', '22', '\r', NULL),
	(13, 'Буденновский 27', 1, 'Буденновский', '27', '\r', NULL),
	(14, 'Буденновский 33', 1, 'Буденновский', '33', '\r', NULL),
	(15, 'Буденновский 35', 1, 'Буденновский', '35', '\r', NULL),
	(16, 'Буденновский 37', 1, 'Буденновский', '37', '\r', NULL),
	(17, 'Буденновский 97', 1, 'Буденновский', '97', '\r', NULL),
	(18, 'Буденновский 103Г', 1, 'Буденновский', '103Г', '\r', NULL),
	(19, 'Буденновский 26/57', 1, 'Буденновский', '26/57', '\r', NULL),
	(20, 'Буденновский 27', 1, 'Буденновский', '27', '3 эт. офис 34\r', NULL),
	(21, 'Варфоломеева 89', 1, 'Варфоломеева', '89', '\r', NULL),
	(22, 'Варфоломеева 92а', 1, 'Варфоломеева', '92а', '\r', NULL),
	(23, 'Ворошиловский 32', 1, 'Ворошиловский', '32', '\r', NULL),
	(24, 'Газетный 58', 1, 'Газетный', '58', '\r', NULL),
	(25, 'Газетный 81', 1, 'Газетный', '81', '\r', NULL),
	(26, 'Газетный 58в', 1, 'Газетный', '58в', '\r', NULL),
	(27, 'Долевой 7', 1, 'Долевой', '7', '\r', NULL),
	(28, 'Доломановский 101', 1, 'Доломановский', '101', '\r', NULL),
	(29, 'Доломановский 118', 1, 'Доломановский', '118', '\r', NULL),
	(30, 'Доломановский 163', 1, 'Доломановский', '163', '\r', NULL),
	(31, 'Доломановский 104Б', 1, 'Доломановский', '104Б', '\r', NULL),
	(32, 'Доломановский 118-2', 1, 'Доломановский', '118-2', '\r', NULL),
	(33, 'Доломановский 132а 1 эт.', 1, 'Доломановский', '132а 1 эт.', '\r', NULL),
	(34, 'Доломановский 132а оф. 21 (склад)', 1, 'Доломановский', '132а оф. 21 (склад)', 'оф. 21 (склад)\r', NULL),
	(35, 'Доломановский 132а оф. 25', 1, 'Доломановский', '132а оф. 25', 'оф. 25\r', NULL),
	(36, 'Доломановский 132а оф. 26 (директор)', 1, 'Доломановский', '132а оф. 26 (директор)', 'оф. 26 (директор)\r', NULL),
	(37, 'Доломановский 132а оф.27 (ТП)', 1, 'Доломановский', '132а оф.27 (ТП)', 'ТП\r', NULL),
	(38, 'Доломановский 132а УТИЛЬ', 1, 'Доломановский', '132а УТИЛЬ', 'УТИЛЬ\r', NULL),
	(39, 'Зенитчиков 57', 1, 'Зенитчиков', '57', '\r', NULL),
	(40, 'Зоологическая 13', 1, 'Зоологическая', '13', '\r', NULL),
	(41, 'Ивановского 32', 1, 'Ивановского', '32', '\r', NULL),
	(42, 'Ивановского 38', 1, 'Ивановского', '38', '\r', NULL),
	(43, 'Ивановского 38', 1, 'Ивановского', '38', 'АТС\r', NULL),
	(44, 'Книжный 5а', 2, 'Книжный', '5а', '\r', NULL),
	(45, 'Космонавтов 2/2', 1, 'Космонавтов', '2/2', 'оф. 305/2\r', NULL),
	(46, 'Космонавтов 2/2', 1, 'Космонавтов', '2/2', 'Целий\r', NULL),
	(47, 'Красноармейская 66', 1, 'Красноармейская', '66', '\r', NULL),
	(48, 'М. Горького 150', 2, 'М. Горького', '150', '\r', NULL),
	(49, 'М. Горького 285', 2, 'М. Горького', '285', '\r', NULL),
	(50, 'Малый 13', 1, 'Малый', '13', '\r', NULL),
	(51, 'Маркова 48', 1, 'Маркова', '48', '\r', NULL),
	(52, 'Мечникова 112', 1, 'Мечникова', '112', '\r', NULL),
	(53, 'Мечникова 112Б', 1, 'Мечникова', '112Б', '\r', NULL),
	(54, 'Мечникова 112Г', 1, 'Мечникова', '112Г', '\r', NULL),
	(55, 'Мечникова 114', 1, 'Мечникова', '114', '\r', NULL),
	(56, 'Мечникова 114 (гостевая)', 1, 'Мечникова', '114 (гостевая)', '\r', NULL),
	(57, 'Мечникова 120', 1, 'Мечникова', '120', '\r', NULL),
	(58, 'Мечникова 130', 1, 'Мечникова', '130', '\r', NULL),
	(59, 'Мечникова 31/106', 1, 'Мечникова', '31/106', '\r', NULL),
	(60, 'Мечникова 39Б', 1, 'Мечникова', '39Б', '\r', NULL),
	(61, 'Мечникова 39В', 1, 'Мечникова', '39В', '\r', NULL),
	(62, 'Мечникова 45А', 1, 'Мечникова', '45А', '\r', NULL),
	(63, 'Мира 33', 2, 'Мира', '33', '\r', NULL),
	(64, 'Московская 51', 1, 'Московская', '51', '\r', NULL),
	(65, 'Московская 52-54', 1, 'Московская', '52-54', '\r', NULL),
	(66, 'Московская 53', 1, 'Московская', '53', '\r', NULL),
	(67, 'Московская 55', 1, 'Московская', '55', '\r', NULL),
	(68, 'Московская 58а', 1, 'Московская', '58а', '\r', NULL),
	(69, 'Московская 58Б', 1, 'Московская', '58Б', '\r', NULL),
	(70, 'Нагибина 43', 1, 'Нагибина', '43', '\r', NULL),
	(71, 'Нансена 98Б', 1, 'Нансена', '98Б', '\r', NULL),
	(72, 'Народного Ополчения 113', 1, 'Народного Ополчения', '113', '\r', NULL),
	(73, 'Никулиной 3', 1, 'Никулиной', '3', '\r', NULL),
	(74, 'Огородная 74а', 1, 'Огородная', '74а', 'Оранжерея\r', NULL),
	(75, 'Освобождения 11а', 1, 'Освобождения', '11а', '\r', NULL),
	(76, 'Островского 47', 1, 'Островского', '47', '\r', NULL),
	(77, 'Островского 48', 1, 'Островского', '48', '\r', NULL),
	(78, 'Павленко 15', 1, 'Павленко', '15', '\r', NULL),
	(79, 'Пермская 28', 1, 'Пермская', '28', '\r', NULL),
	(80, 'Пермская 6', 1, 'Пермская', '6', '\r', NULL),
	(81, 'Пушкинская 114', 1, 'Пушкинская', '114', '\r', NULL),
	(82, 'Пушкинская 98-100', 1, 'Пушкинская', '98-100', '\r', NULL),
	(83, 'Пушкинская 44', 1, 'Пушкинская', '44', 'Миком\r', NULL),
	(84, 'Пушкинская 127 (ОКДЦ)', 1, 'Пушкинская', '127 (ОКДЦ)', 'ОКДЦ\r', NULL),
	(85, 'Ржевская 2/140', 1, 'Ржевская', '2/140', '\r', NULL),
	(86, 'Сев. массив 8', 2, 'Сев. массив', '8', '\r', NULL),
	(87, 'Сев. массив 5/1', 2, 'Сев. массив', '5/1', 'Стоматология\r', NULL),
	(88, 'Северная звезда 7', 1, 'Северная звезда', '7', '\r', NULL),
	(89, 'Семашко 21/60', 1, 'Семашко', '21/60', '\r', NULL),
	(90, 'Серафимовича 42', 1, 'Серафимовича', '42', '\r', NULL),
	(91, 'Серафимовича 45', 1, 'Серафимовича', '45', '\r', NULL),
	(92, 'Серафимовича 53а 3эт.', 1, 'Серафимовича', '53а 3эт.', '\r', NULL),
	(93, 'Скрыпника 12/87', 1, 'Скрыпника', '12/87', '\r', NULL),
	(94, 'Скрыпника 14', 1, 'Скрыпника', '14', '\r', NULL),
	(95, 'Соборный 21', 1, 'Соборный', '21', '\r', NULL),
	(96, 'Соколова 29', 1, 'Соколова', '29', '\r', NULL),
	(97, 'Соколова 31', 1, 'Соколова', '31', '\r', NULL),
	(98, 'Соколова 52', 1, 'Соколова', '52', '\r', NULL),
	(99, 'Соколова 31', 1, 'Соколова', '31', 'внутри\r', NULL),
	(100, 'Социалистическая 65', 1, 'Социалистическая', '65', '\r', NULL),
	(101, 'Ставропольский 1', 1, 'Ставропольский', '1', '\r', NULL),
	(102, 'Стадион ТРУД ', 1, 'Стадион ТРУД', '', '\r', NULL),
	(103, 'Стадионная 47', 1, 'Стадионная', '47', '???\r', NULL),
	(104, 'Стадионная 44', 1, 'Стадионная', '44', '\r', NULL),
	(105, 'Стадионная 9', 1, 'Стадионная', '9', '\r', NULL),
	(106, 'Таврическая 7', 1, 'Таврическая', '7', '\r', NULL),
	(107, 'Текучева 109', 1, 'Текучева', '109', '\r', NULL),
	(108, 'Текучева 37а', 1, 'Текучева', '37а', '\r', NULL),
	(109, 'Темерницкая 41Б / Буденновский 17', 1, 'Темерницкая', '41Б', 'серверная\r', NULL),
	(110, 'Тобольский 2', 1, 'Тобольский', '2', '\r', NULL),
	(111, 'Тургеневская 49', 1, 'Тургеневская', '49', '\r', NULL),
	(112, 'Ушинского 31 к1 п1', 2, 'Ушинского', '31 к1 п1', '\r', NULL),
	(113, 'Ушинского 59', 2, 'Ушинского', '59', '\r', NULL),
	(114, 'Филимоновская 45', 1, 'Филимоновская', '45', '\r', NULL),
	(115, 'Филимоновская 83', 1, 'Филимоновская', '83', '\r', NULL),
	(116, 'Фрунзе 11', 1, 'Фрунзе', '11', '\r', NULL),
	(117, 'Фрунзе 3', 1, 'Фрунзе', '3', '\r', NULL),
	(118, 'Фрунзе 3', 1, 'Фрунзе', '3', '1 этаж офис 21\r', NULL),
	(119, 'Халтуринский 46', 1, 'Халтуринский', '46', '\r', NULL),
	(120, 'Цезаря Куникова 32', 1, 'Цезаря Куникова', '32', '\r', NULL),
	(121, 'Черепахина 215', 1, 'Черепахина', '215', '\r', NULL),
	(122, 'Шеболдаева 95а', 1, 'Шеболдаева', '95а', '\r', NULL),
	(123, 'Шеболдаева 20/2', 1, 'Шеболдаева', '20/2', 'Электрик\r', NULL),
	(124, '20-я улица 58-60', 1, '20-я улица', '58-60', NULL, NULL),
	(125, '20-я улица 43 (Серверная)', 1, '20-я улица', '43 (Серверная)', NULL, NULL),
	(132, 'Доломановский 132а оф. 25 (деж.комплект)', 1, 'Доломановский', '132а оф. 25 (деж.комплект)', 'оф. 25 (деж.комплект)', NULL);
/*!40000 ALTER TABLE `nodes` ENABLE KEYS */;

-- Дамп структуры для таблица accums.states
CREATE TABLE IF NOT EXISTS `states` (
  `id` int unsigned NOT NULL AUTO_INCREMENT,
  `state` varchar(50) COLLATE utf8mb4_general_ci NOT NULL DEFAULT '0',
  `comment` varchar(50) CHARACTER SET utf8mb4 COLLATE utf8mb4_general_ci DEFAULT NULL,
  PRIMARY KEY (`id`)
) ENGINE=InnoDB AUTO_INCREMENT=4 DEFAULT CHARSET=utf8mb4 COLLATE=utf8mb4_general_ci;

-- Дамп данных таблицы accums.states: ~2 rows (приблизительно)
/*!40000 ALTER TABLE `states` DISABLE KEYS */;
INSERT INTO `states` (`id`, `state`, `comment`) VALUES
	(1, 'в работе', '0'),
	(2, 'склад', '0'),
	(3, 'утиль', '0');
/*!40000 ALTER TABLE `states` ENABLE KEYS */;

-- Дамп структуры для триггер accums.to_history
SET @OLDTMP_SQL_MODE=@@SQL_MODE, SQL_MODE='STRICT_TRANS_TABLES,NO_ENGINE_SUBSTITUTION';
DELIMITER //
CREATE TRIGGER `to_history` AFTER UPDATE ON `accs` FOR EACH ROW BEGIN
INSERT INTO history (acc_id, model, d_prod, state, node, equip, d_edit, comment)
VALUES (OLD.id, OLD.model, OLD.d_prod, OLD.state, OLD.node, OLD.equip, OLD.d_edit, OLD.comment);
END//
DELIMITER ;
SET SQL_MODE=@OLDTMP_SQL_MODE;

/*!40101 SET SQL_MODE=IFNULL(@OLD_SQL_MODE, '') */;
/*!40014 SET FOREIGN_KEY_CHECKS=IFNULL(@OLD_FOREIGN_KEY_CHECKS, 1) */;
/*!40101 SET CHARACTER_SET_CLIENT=@OLD_CHARACTER_SET_CLIENT */;
/*!40111 SET SQL_NOTES=IFNULL(@OLD_SQL_NOTES, 1) */;
